file_name,SSR,Vcmax,J,Tp,aG,aS
ACi_21O_rep8,1.5007296910581114,62.8352588296371,95.38893333278989,5.17923884157343,0.010000000000000002,0.32387505121062526
ACi_21O_rep9,2.755510071906229,68.38224139955405,106.67253206383151,5.749362794052359,0.010000000000000005,0.32850406845460733
ACi_21O_rep2,4.639228590899311,60.538391332273775,102.88792598474019,4.552972434439413,0.010000000000064352,0.5050712434860238
ACi_21O_rep3,3.3840070937251,52.48460839048285,92.84383651612713,4.223560229729673,0.010000000000000009,0.49383187945681206
ACi_21O_rep1,1.9508069415541374,46.30214015533845,85.06414631621975,4.207972026583261,0.010000000000000769,0.5490124735356398
ACi_21O_rep4,0.957287423133884,63.71928424577596,101.98323525588924,4.9385714580749625,0.010000000000000061,0.5115131603525056
ACi_21O_rep5,0.36343454283423077,53.29332687680998,81.94949074091592,3.8360911051989657,0.010000000000000002,0.3844368846465606
ACi_21O_rep7,1.5613284435331116,46.38164372749603,81.54564383277192,4.605735773024627,0.010000000000000002,0.3412356889152321
ACi_21O_rep6,2.607007781025118,64.99937348321293,106.73120669874761,5.138316726309074,0.010000000000000012,0.5753965124455149
