,SSR,Vcmax,J,Tp,aG,aS
count,9.0,9.0,9.0,9.0,9.0,9.0
mean,2.191037842185444,57.659585379313484,95.00743906071504,4.7146468157483845,0.01000000000000725,0.4458752238402251
std,1.3086977084845801,8.236132597380372,10.245185781442258,0.5941240511660026,2.1425299288633556e-14,0.1005668588269513
min,0.36343454283423116,46.30214015343394,81.5456440782587,3.8360911014844237,0.010000000000000002,0.32387503840581255
25%,1.5007296910581054,52.48460838548456,85.06414666517747,4.2235602355558015,0.010000000000000002,0.34123570661981856
50%,1.9508069415540372,60.538391327488284,95.38893308223881,4.60573575683633,0.010000000000000009,0.493831875006032
75%,2.7555100719062326,63.71928424565052,102.88792610720296,5.138316710459145,0.010000000000000061,0.5115131614401731
max,4.639228590899199,68.3822414079047,106.731206992993,5.749362792006021,0.01000000000006438,0.5753965269998341
